Product Name,Category,Price (₹),Rating,Stock
Wristwatch,Stylish Wear,10883.82,4.3,154
Formal Shoes,Stylish Wear,26556.86,3.2,39
Curtains,Home Essentials,1718.14,4.2,144
Bookshelf,Home Essentials,10192.2,3.4,152
Mattress,Home Essentials,48848.98,4.6,74
Curtains,Home Essentials,38369.73,4.5,85
Hoodie,Stylish Wear,43762.46,3.7,68
Refrigerator,Home Appliances,25321.27,4.2,127
Coffee Table,Home Essentials,8803.35,3.7,62
Sofa Set,Home Essentials,20902.87,3.8,186
Notebook Set,Study Essentials,45221.67,3.8,38
Wristwatch,Stylish Wear,6251.15,3.5,177
Bookshelf,Home Essentials,30822.67,4.4,47
Laptop,Study Essentials,45342.97,3.9,188
Curtains,Home Essentials,27887.59,4.3,59
Ergonomic Chair,Study Essentials,5669.87,4.0,14
Summer Dress,Stylish Wear,32545.88,3.7,27
Refrigerator,Home Appliances,43216.72,3.5,28
Blender,Home Appliances,49931.51,4.8,151
Induction Cooktop,Home Appliances,44264.09,3.8,146
Coffee Table,Home Essentials,34246.84,3.6,141
Hoodie,Stylish Wear,16329.59,4.7,147
Whiteboard,Study Essentials,43754.46,3.5,154
Desk Lamp,Study Essentials,47363.05,3.7,22
Wristwatch,Stylish Wear,46203.48,3.7,193
Dining Table,Home Essentials,46059.77,3.2,109
Bookshelf,Home Essentials,1578.63,4.8,140
Leather Jacket,Stylish Wear,8581.38,3.0,54
Dining Table,Home Essentials,42220.66,3.6,16
Sneakers,Stylish Wear,9466.05,4.8,35
Wall Clock,Home Essentials,18685.6,3.2,10
Summer Dress,Stylish Wear,18318.02,4.2,147
Whiteboard,Study Essentials,9899.61,4.8,21
Summer Dress,Stylish Wear,6717.14,4.8,189
Electric Kettle,Home Appliances,28776.8,4.6,150
Sofa Set,Home Essentials,14065.31,4.2,7
Curtains,Home Essentials,1419.16,4.8,76
Sportswear Set,Stylish Wear,29130.42,3.4,157
Sofa Set,Home Essentials,28096.44,3.7,83
Sofa Set,Home Essentials,12078.23,4.4,43
Electric Kettle,Home Appliances,23641.39,4.3,30
Wristwatch,Stylish Wear,16818.86,3.5,15
Coffee Table,Home Essentials,42724.28,4.4,42
Rug,Home Essentials,9568.99,4.7,94
Dishwasher,Home Appliances,33670.5,4.2,52
LED Ceiling Light,Home Essentials,23677.45,4.5,91
Noise-Canceling Headphones,Study Essentials,38576.71,4.1,166
Refrigerator,Home Appliances,37957.47,5.0,148
Vacuum Cleaner,Home Appliances,13048.09,3.1,41
Desk Organizer,Study Essentials,14127.48,5.0,158
Leather Jacket,Stylish Wear,42960.24,3.6,158
Laptop,Study Essentials,19472.05,3.1,96
Scientific Calculator,Study Essentials,43223.25,3.8,84
Desk Organizer,Study Essentials,10933.8,3.2,154
Wall Clock,Home Essentials,26005.37,3.2,125
LED Ceiling Light,Home Essentials,27489.74,3.6,183
Air Purifier,Home Appliances,9384.55,3.7,95
Dining Table,Home Essentials,18625.16,3.8,186
Laptop,Study Essentials,37046.77,3.1,195
Floor Lamp,Home Essentials,39710.0,4.2,183
Ergonomic Chair,Study Essentials,21176.28,4.6,147
Air Purifier,Home Appliances,33752.12,3.1,91
Floor Lamp,Home Essentials,21200.54,4.8,195
Mechanical Keyboard,Study Essentials,44751.24,3.8,28
Notebook Set,Study Essentials,27127.62,4.9,142
Formal Shoes,Stylish Wear,13088.44,3.7,146
Dishwasher,Home Appliances,44277.24,3.3,105
Dishwasher,Home Appliances,13158.89,3.8,150
Refrigerator,Home Appliances,23901.72,4.6,88
Floor Lamp,Home Essentials,6495.48,3.6,124
Wall Clock,Home Essentials,15061.03,3.8,77
Mattress,Home Essentials,49380.74,4.8,135
Desk Organizer,Study Essentials,39117.13,3.5,15
Blender,Home Appliances,31932.25,4.2,181
Summer Dress,Stylish Wear,37554.88,4.7,111
Mechanical Keyboard,Study Essentials,2510.66,4.2,199
Blender,Home Appliances,29050.28,4.0,168
Hoodie,Stylish Wear,6183.53,4.2,165
Wristwatch,Stylish Wear,3885.02,4.7,109
Refrigerator,Home Appliances,36166.62,3.4,114
Laptop,Study Essentials,15984.59,3.9,50
Sunglasses,Stylish Wear,13478.19,3.3,197
Bookshelf,Home Essentials,42540.05,4.7,54
Air Purifier,Home Appliances,40611.15,4.8,157
Wall Clock,Home Essentials,17832.13,3.4,182
Hoodie,Stylish Wear,4071.47,3.9,174
Induction Cooktop,Home Appliances,20437.27,4.9,67
Blender,Home Appliances,36473.28,4.1,92
Whiteboard,Study Essentials,22762.61,4.5,179
Dishwasher,Home Appliances,25318.66,4.0,74
Sportswear Set,Stylish Wear,33219.36,3.5,122
Coffee Table,Home Essentials,27609.15,3.8,67
Washing Machine,Home Appliances,9679.7,3.4,79
Backpack,Study Essentials,9844.44,3.3,143
LED Ceiling Light,Home Essentials,24813.8,3.2,112
Laptop,Study Essentials,38244.08,3.0,104
Sneakers,Stylish Wear,41573.71,4.1,139
Sneakers,Stylish Wear,27293.35,4.7,95
Notebook Set,Study Essentials,23456.39,4.9,18
Sportswear Set,Stylish Wear,49810.55,3.1,199
Sneakers,Stylish Wear,2595.65,4.9,166
Mattress,Home Essentials,3250.13,4.1,140
Electric Kettle,Home Appliances,20990.98,4.9,155
Microwave Oven,Home Appliances,37074.83,4.6,170
Hoodie,Stylish Wear,3038.82,4.5,118
Bookshelf,Home Essentials,43895.39,3.9,58
LED Ceiling Light,Home Essentials,21181.63,4.2,108
Dishwasher,Home Appliances,49279.81,5.0,40
Desk Lamp,Study Essentials,24781.74,4.3,53
Dining Table,Home Essentials,7815.33,3.1,122
Blender,Home Appliances,20532.53,4.5,40
Dishwasher,Home Appliances,43939.14,4.6,78
Summer Dress,Stylish Wear,9487.28,4.9,198
Curtains,Home Essentials,32173.91,4.3,157
Curtains,Home Essentials,5823.06,3.3,105
Air Purifier,Home Appliances,31662.27,4.2,197
Backpack,Study Essentials,43899.77,4.6,68
Hoodie,Stylish Wear,20832.98,4.9,26
Whiteboard,Study Essentials,36266.07,3.3,172
Wall Clock,Home Essentials,33856.29,4.0,118
Sportswear Set,Stylish Wear,28719.75,4.4,55
Slim-fit Jeans,Stylish Wear,16135.39,3.4,81
Sportswear Set,Stylish Wear,19372.51,5.0,65
Dishwasher,Home Appliances,2100.47,3.6,174
Sportswear Set,Stylish Wear,38232.12,3.1,134
Refrigerator,Home Appliances,45146.95,4.8,85
Summer Dress,Stylish Wear,33261.63,4.1,51
Sneakers,Stylish Wear,22722.48,4.5,104
Noise-Canceling Headphones,Study Essentials,37003.52,3.7,175
Backpack,Study Essentials,13368.5,3.7,19
Laptop,Study Essentials,20664.1,4.5,165
Bookshelf,Home Essentials,23936.01,4.8,66
Water Heater,Home Appliances,9127.44,4.7,82
Refrigerator,Home Appliances,8600.97,4.4,83
Sofa Set,Home Essentials,43324.55,4.3,19
Hoodie,Stylish Wear,35931.7,3.6,17
Formal Shoes,Stylish Wear,24685.14,4.4,32
Formal Shoes,Stylish Wear,944.14,3.6,114
Ergonomic Chair,Study Essentials,24817.83,3.7,109
Noise-Canceling Headphones,Study Essentials,37183.14,3.2,112
Blender,Home Appliances,2050.46,4.4,65
Hoodie,Stylish Wear,5294.31,4.8,91
Designer Handbag,Stylish Wear,49220.96,4.2,91
Desk Lamp,Study Essentials,36946.54,3.8,155
Notebook Set,Study Essentials,14309.48,4.5,106
Induction Cooktop,Home Appliances,42805.2,3.0,91
Floor Lamp,Home Essentials,6062.65,4.7,181
Hoodie,Stylish Wear,22530.05,4.9,191
Summer Dress,Stylish Wear,519.7,4.2,128
Microwave Oven,Home Appliances,39482.62,3.5,169
Coffee Table,Home Essentials,17657.26,4.3,149
Bookshelf,Home Essentials,22156.15,3.4,9
Desk Lamp,Study Essentials,16906.42,3.4,148
Designer Handbag,Stylish Wear,14981.54,4.7,165
Curtains,Home Essentials,30773.26,4.4,92
Leather Jacket,Stylish Wear,1461.95,3.0,119
Leather Jacket,Stylish Wear,40022.17,4.7,125
Summer Dress,Stylish Wear,15304.26,3.5,192
Desk Organizer,Study Essentials,16467.12,3.1,132
Microwave Oven,Home Appliances,9088.98,4.9,117
Noise-Canceling Headphones,Study Essentials,20279.1,4.5,78
Curtains,Home Essentials,5869.33,5.0,153
Summer Dress,Stylish Wear,37701.64,3.4,195
Vacuum Cleaner,Home Appliances,42961.14,4.8,130
Sportswear Set,Stylish Wear,27419.58,4.4,54
Desk Lamp,Study Essentials,15310.19,4.9,108
Wall Clock,Home Essentials,36423.87,3.2,32
Leather Jacket,Stylish Wear,47225.25,3.7,169
Dining Table,Home Essentials,9791.0,4.4,42
Refrigerator,Home Appliances,12189.49,4.2,185
Summer Dress,Stylish Wear,26488.77,3.1,31
Bookshelf,Home Essentials,7634.41,3.5,105
Laptop,Study Essentials,35812.76,3.8,86
Dishwasher,Home Appliances,44189.17,3.1,96
Dining Table,Home Essentials,28782.73,4.3,116
Sunglasses,Stylish Wear,13584.2,4.8,24
Refrigerator,Home Appliances,4402.78,3.7,36
Formal Shoes,Stylish Wear,38464.59,4.8,111
Sofa Set,Home Essentials,13130.84,4.6,25
Formal Shoes,Stylish Wear,47027.59,3.5,60
Hoodie,Stylish Wear,36136.32,4.1,137
Scientific Calculator,Study Essentials,16881.93,4.3,161
Ergonomic Chair,Study Essentials,31669.23,3.0,20
Summer Dress,Stylish Wear,1436.09,3.0,31
Sneakers,Stylish Wear,49697.45,3.7,96
LED Ceiling Light,Home Essentials,48063.33,4.0,136
Desk Organizer,Study Essentials,5442.54,4.6,198
Vacuum Cleaner,Home Appliances,31837.28,4.2,115
Sofa Set,Home Essentials,42152.28,4.7,11
Formal Shoes,Stylish Wear,35949.01,3.1,54
Microwave Oven,Home Appliances,11210.61,4.4,196
LED Ceiling Light,Home Essentials,13029.06,4.5,162
Mattress,Home Essentials,46442.19,3.1,116
Wristwatch,Stylish Wear,25507.8,3.3,14
Mattress,Home Essentials,20196.14,4.1,125
Designer Handbag,Stylish Wear,15670.27,3.6,61
Slim-fit Jeans,Stylish Wear,27289.01,3.1,63
Microwave Oven,Home Appliances,49623.46,4.6,130
Mattress,Home Essentials,22034.44,4.8,26
Notebook Set,Study Essentials,37004.3,4.1,59
Blender,Home Appliances,35860.48,4.9,174
Wall Clock,Home Essentials,30663.54,3.1,10
Air Purifier,Home Appliances,46344.8,4.5,5
Dining Table,Home Essentials,28111.76,4.0,99
Hoodie,Stylish Wear,45616.52,3.2,98
Coffee Table,Home Essentials,13682.57,3.0,95
Desk Lamp,Study Essentials,14892.46,3.6,157
Vacuum Cleaner,Home Appliances,46524.15,3.9,29
Slim-fit Jeans,Stylish Wear,26970.75,3.0,9
Dishwasher,Home Appliances,1060.18,4.2,101
Bookshelf,Home Essentials,30381.11,3.2,92
Sportswear Set,Stylish Wear,21261.53,4.3,46
Backpack,Study Essentials,37798.57,4.6,88
Leather Jacket,Stylish Wear,38852.46,3.2,91
Air Purifier,Home Appliances,12578.17,3.5,115
Bookshelf,Home Essentials,48538.83,4.4,104
Desk Organizer,Study Essentials,14300.32,4.7,39
Desk Organizer,Study Essentials,48615.21,3.9,117
Microwave Oven,Home Appliances,18580.08,4.9,154
Whiteboard,Study Essentials,47994.81,4.1,22
Whiteboard,Study Essentials,15018.46,3.8,195
Whiteboard,Study Essentials,23140.5,3.9,18
Sportswear Set,Stylish Wear,18460.48,4.5,189
Sofa Set,Home Essentials,20519.86,5.0,99
Curtains,Home Essentials,40269.39,4.3,58
Air Purifier,Home Appliances,42089.94,3.9,19
Bookshelf,Home Essentials,7114.55,4.8,121
Slim-fit Jeans,Stylish Wear,35682.13,4.1,130
Electric Kettle,Home Appliances,33089.79,4.3,186
Scientific Calculator,Study Essentials,37231.69,3.1,167
Air Purifier,Home Appliances,31926.24,4.9,158
Floor Lamp,Home Essentials,45060.0,3.4,159
Coffee Table,Home Essentials,3519.13,4.2,33
Coffee Table,Home Essentials,29991.68,4.8,152
Curtains,Home Essentials,47465.8,4.5,121
Wall Clock,Home Essentials,11139.44,3.3,52
Rug,Home Essentials,30493.4,4.3,71
Induction Cooktop,Home Appliances,14538.95,3.2,59
Slim-fit Jeans,Stylish Wear,17735.06,3.9,200
Leather Jacket,Stylish Wear,21862.58,3.7,190
Air Purifier,Home Appliances,47593.9,3.7,14
Notebook Set,Study Essentials,48377.64,3.1,162
Designer Handbag,Stylish Wear,24990.76,4.4,144
Designer Handbag,Stylish Wear,44469.52,4.3,186
Air Purifier,Home Appliances,8482.22,4.6,199
Induction Cooktop,Home Appliances,19276.5,5.0,60
Sofa Set,Home Essentials,20750.91,4.4,116
Slim-fit Jeans,Stylish Wear,10909.78,3.6,56
Designer Handbag,Stylish Wear,41435.48,4.6,149
Hoodie,Stylish Wear,13339.74,3.2,106
Electric Kettle,Home Appliances,21933.05,3.8,31
Electric Kettle,Home Appliances,19673.31,3.0,65
Sofa Set,Home Essentials,2207.09,3.0,107
Wall Clock,Home Essentials,14582.77,3.0,48
Sneakers,Stylish Wear,7236.45,4.8,106
Sofa Set,Home Essentials,16011.4,4.8,153
Vacuum Cleaner,Home Appliances,23445.11,3.4,154
Air Purifier,Home Appliances,43435.57,4.1,30
Dining Table,Home Essentials,30213.34,5.0,70
Vacuum Cleaner,Home Appliances,41298.24,4.9,180
Sportswear Set,Stylish Wear,14887.77,4.6,198
Sunglasses,Stylish Wear,19554.02,4.8,112
Hoodie,Stylish Wear,49569.7,4.7,115
Formal Shoes,Stylish Wear,35306.02,3.2,93
Blender,Home Appliances,41486.93,3.9,67
Dining Table,Home Essentials,17649.8,4.2,31
Laptop,Study Essentials,42742.19,3.8,78
Ergonomic Chair,Study Essentials,2611.01,4.6,92
Notebook Set,Study Essentials,19867.34,3.9,115
Summer Dress,Stylish Wear,34923.09,4.1,153
Desk Lamp,Study Essentials,40376.08,4.3,166
Noise-Canceling Headphones,Study Essentials,18926.51,4.0,62
Dishwasher,Home Appliances,2620.91,4.3,108
Formal Shoes,Stylish Wear,31210.22,4.7,49
Bookshelf,Home Essentials,30200.38,4.1,112
Dining Table,Home Essentials,25575.36,4.7,121
Leather Jacket,Stylish Wear,10566.91,4.3,81
Summer Dress,Stylish Wear,957.79,4.1,34
Sunglasses,Stylish Wear,7544.61,3.2,40
Whiteboard,Study Essentials,1741.77,3.5,77
Dining Table,Home Essentials,15221.49,4.3,13
Noise-Canceling Headphones,Study Essentials,47472.31,3.2,124
Formal Shoes,Stylish Wear,27001.45,3.2,88
Electric Kettle,Home Appliances,38626.14,4.0,142
Laptop,Study Essentials,5697.15,4.3,42
Desk Lamp,Study Essentials,40232.29,4.4,170
Sneakers,Stylish Wear,22207.17,4.2,52
Vacuum Cleaner,Home Appliances,29278.17,4.8,176
Dining Table,Home Essentials,49308.42,4.3,18
Floor Lamp,Home Essentials,43109.81,4.0,102
Laptop,Study Essentials,33297.89,4.9,46
Microwave Oven,Home Appliances,23984.27,3.3,74
LED Ceiling Light,Home Essentials,38931.31,3.1,82
Coffee Table,Home Essentials,3453.83,3.9,166
Ergonomic Chair,Study Essentials,37538.51,3.5,16
Formal Shoes,Stylish Wear,49087.38,4.3,193
Bookshelf,Home Essentials,9563.54,4.0,117
Air Purifier,Home Appliances,17396.55,4.4,8
Mechanical Keyboard,Study Essentials,49172.53,3.4,103
LED Ceiling Light,Home Essentials,37271.99,4.3,173
Water Heater,Home Appliances,37873.5,3.8,121
Mechanical Keyboard,Study Essentials,21904.24,4.6,187
Noise-Canceling Headphones,Study Essentials,19227.38,4.8,52
Wristwatch,Stylish Wear,44620.34,4.4,29
Sportswear Set,Stylish Wear,32184.6,4.8,11
Ergonomic Chair,Study Essentials,14368.95,4.5,91
Noise-Canceling Headphones,Study Essentials,46997.14,3.3,62
Blender,Home Appliances,38612.12,3.7,161
Sneakers,Stylish Wear,2819.18,4.4,90
Sportswear Set,Stylish Wear,39271.67,3.4,107
Induction Cooktop,Home Appliances,32735.22,3.4,30
Leather Jacket,Stylish Wear,3445.56,3.5,187
Mattress,Home Essentials,29979.09,4.9,188
Desk Lamp,Study Essentials,44884.06,4.4,35
Electric Kettle,Home Appliances,9570.72,3.1,113
Vacuum Cleaner,Home Appliances,4695.36,3.3,168
Backpack,Study Essentials,4760.93,5.0,81
Sneakers,Stylish Wear,27304.24,3.6,9
Bookshelf,Home Essentials,43462.42,4.6,51
Sofa Set,Home Essentials,35962.75,4.4,151
Refrigerator,Home Appliances,10572.27,4.1,149
Blender,Home Appliances,41510.99,4.7,191
Water Heater,Home Appliances,1451.19,4.3,16
Sunglasses,Stylish Wear,27509.43,4.6,40
Laptop,Study Essentials,32499.82,4.6,68
Backpack,Study Essentials,20600.71,4.2,78
Noise-Canceling Headphones,Study Essentials,37954.4,3.9,103
Laptop,Study Essentials,49448.84,3.5,46
Notebook Set,Study Essentials,1229.93,4.7,126
Sofa Set,Home Essentials,42638.71,4.6,199
Hoodie,Stylish Wear,45458.33,3.1,40
Electric Kettle,Home Appliances,4347.83,3.0,28
Hoodie,Stylish Wear,47693.13,4.4,5
Laptop,Study Essentials,31904.76,3.8,17
Leather Jacket,Stylish Wear,12654.44,4.3,154
Mechanical Keyboard,Study Essentials,17826.78,4.7,191
Dining Table,Home Essentials,32646.99,4.0,82
Leather Jacket,Stylish Wear,22561.82,3.9,23
Slim-fit Jeans,Stylish Wear,43640.01,3.4,179
Coffee Table,Home Essentials,15276.29,4.8,175
Formal Shoes,Stylish Wear,29999.95,3.3,175
Summer Dress,Stylish Wear,38797.53,3.7,116
Desk Organizer,Study Essentials,19592.63,5.0,182
Air Purifier,Home Appliances,1777.96,3.0,107
Desk Organizer,Study Essentials,12995.07,4.0,44
Microwave Oven,Home Appliances,39760.38,3.1,74
Bookshelf,Home Essentials,25586.34,3.0,33
LED Ceiling Light,Home Essentials,25009.02,3.0,5
Noise-Canceling Headphones,Study Essentials,43990.42,3.7,89
Electric Kettle,Home Appliances,47811.43,3.3,76
Wristwatch,Stylish Wear,27191.03,3.8,78
Washing Machine,Home Appliances,21129.61,3.6,99
Wristwatch,Stylish Wear,13476.76,3.0,119
Mechanical Keyboard,Study Essentials,26218.78,3.5,82
Refrigerator,Home Appliances,43068.03,3.1,99
Notebook Set,Study Essentials,45214.22,3.8,19
LED Ceiling Light,Home Essentials,40114.03,4.2,30
Laptop,Study Essentials,43368.08,4.0,190
Curtains,Home Essentials,13467.86,3.8,50
Dishwasher,Home Appliances,41458.8,4.8,17
LED Ceiling Light,Home Essentials,41054.88,4.1,173
Induction Cooktop,Home Appliances,43272.78,4.6,111
Rug,Home Essentials,24606.84,4.8,134
Slim-fit Jeans,Stylish Wear,9855.42,3.2,157
Wristwatch,Stylish Wear,18691.37,4.3,186
Bookshelf,Home Essentials,42962.28,3.2,132
Air Purifier,Home Appliances,29453.21,3.9,153
Refrigerator,Home Appliances,7242.51,4.0,85
Microwave Oven,Home Appliances,44995.79,4.8,49
Dining Table,Home Essentials,12768.65,4.6,144
Induction Cooktop,Home Appliances,22712.22,4.6,135
Mattress,Home Essentials,28338.22,4.2,196
Coffee Table,Home Essentials,3611.11,4.6,90
Desk Organizer,Study Essentials,2973.24,3.8,132
Water Heater,Home Appliances,3922.51,3.7,62
Sofa Set,Home Essentials,5732.22,3.9,37
Desk Lamp,Study Essentials,38132.15,4.3,104
Backpack,Study Essentials,11780.25,4.7,176
Dishwasher,Home Appliances,21571.13,3.9,102
Designer Handbag,Stylish Wear,48543.95,4.4,80
Noise-Canceling Headphones,Study Essentials,39729.95,3.1,104
Coffee Table,Home Essentials,7718.9,3.2,100
Mechanical Keyboard,Study Essentials,27009.7,3.6,54
Vacuum Cleaner,Home Appliances,8354.2,3.2,33
Electric Kettle,Home Appliances,31722.72,3.3,151
Ergonomic Chair,Study Essentials,24969.51,4.7,197
Dishwasher,Home Appliances,9953.19,3.1,30
Designer Handbag,Stylish Wear,8717.59,4.5,194
Refrigerator,Home Appliances,9608.18,4.5,12
Floor Lamp,Home Essentials,6892.71,4.4,69
Leather Jacket,Stylish Wear,48671.9,5.0,60
Desk Organizer,Study Essentials,19508.81,4.8,158
Wristwatch,Stylish Wear,19609.4,4.4,61
Electric Kettle,Home Appliances,48951.43,3.2,185
Desk Organizer,Study Essentials,36775.43,4.4,147
Microwave Oven,Home Appliances,37175.55,4.7,33
Leather Jacket,Stylish Wear,37898.81,4.9,184
Floor Lamp,Home Essentials,13030.08,4.6,168
Electric Kettle,Home Appliances,10970.93,3.2,110
Dining Table,Home Essentials,15973.83,4.7,193
Desk Lamp,Study Essentials,33782.55,3.1,114
LED Ceiling Light,Home Essentials,32351.86,3.7,93
Refrigerator,Home Appliances,3094.33,4.5,99
Whiteboard,Study Essentials,1099.85,4.7,56
Formal Shoes,Stylish Wear,45046.69,3.4,58
Sneakers,Stylish Wear,14265.29,4.7,31
Ergonomic Chair,Study Essentials,35880.08,5.0,176
Dishwasher,Home Appliances,33603.01,3.9,103
Vacuum Cleaner,Home Appliances,48191.35,4.6,93
Wristwatch,Stylish Wear,17275.47,4.1,152
Sofa Set,Home Essentials,41200.18,4.2,104
Electric Kettle,Home Appliances,39420.23,3.3,93
Vacuum Cleaner,Home Appliances,3049.97,5.0,200
Notebook Set,Study Essentials,44048.69,3.7,39
Mechanical Keyboard,Study Essentials,29437.8,5.0,112
Backpack,Study Essentials,44823.1,3.3,162
Air Purifier,Home Appliances,37405.15,3.5,83
Washing Machine,Home Appliances,4094.84,4.9,173
Scientific Calculator,Study Essentials,46090.33,3.3,122
Mechanical Keyboard,Study Essentials,40208.4,4.3,50
Backpack,Study Essentials,37886.99,4.9,161
Sportswear Set,Stylish Wear,38786.6,4.9,170
Noise-Canceling Headphones,Study Essentials,37904.43,3.0,195
Blender,Home Appliances,16580.43,4.2,49
Washing Machine,Home Appliances,47297.08,3.1,103
Washing Machine,Home Appliances,49207.42,3.3,12
Sneakers,Stylish Wear,24727.59,3.6,113
Electric Kettle,Home Appliances,16615.7,4.6,193
Washing Machine,Home Appliances,14229.95,4.9,56
Electric Kettle,Home Appliances,3710.93,3.1,104
Laptop,Study Essentials,18019.85,4.1,175
Laptop,Study Essentials,19094.92,3.6,153
Rug,Home Essentials,23971.27,4.9,63
Microwave Oven,Home Appliances,26244.49,4.6,183
Summer Dress,Stylish Wear,42219.6,4.3,47
Sunglasses,Stylish Wear,18479.76,3.0,109
Summer Dress,Stylish Wear,8946.75,4.1,150
Sportswear Set,Stylish Wear,34127.55,4.3,105
Mattress,Home Essentials,17914.06,3.8,182
Wall Clock,Home Essentials,5878.54,3.7,79
LED Ceiling Light,Home Essentials,18411.67,3.7,118
Sneakers,Stylish Wear,14984.26,4.5,103
Mattress,Home Essentials,25516.64,3.7,170
Formal Shoes,Stylish Wear,12354.34,4.5,25
Curtains,Home Essentials,32227.29,4.8,63
Electric Kettle,Home Appliances,42479.13,3.6,106
Dining Table,Home Essentials,28508.25,3.4,156
Backpack,Study Essentials,1385.36,4.9,152
Induction Cooktop,Home Appliances,697.74,3.6,67
Backpack,Study Essentials,25408.58,4.0,164
Curtains,Home Essentials,28052.15,3.2,81
Summer Dress,Stylish Wear,40605.61,4.6,148
Desk Organizer,Study Essentials,2721.72,4.3,43
Formal Shoes,Stylish Wear,14188.4,3.2,156
Scientific Calculator,Study Essentials,10105.45,5.0,150
Air Purifier,Home Appliances,24929.03,3.2,15
Designer Handbag,Stylish Wear,22698.89,3.2,37
Floor Lamp,Home Essentials,32247.54,3.3,62
Scientific Calculator,Study Essentials,24391.7,4.5,20
Hoodie,Stylish Wear,16751.18,4.4,154
Backpack,Study Essentials,4540.14,3.7,67
Curtains,Home Essentials,21958.39,4.4,188
Induction Cooktop,Home Appliances,30954.06,4.7,186
Designer Handbag,Stylish Wear,9804.73,3.1,12
Bookshelf,Home Essentials,17055.44,4.6,186
Washing Machine,Home Appliances,37022.32,4.0,122
Vacuum Cleaner,Home Appliances,28330.26,4.8,46
Sofa Set,Home Essentials,28681.42,4.2,198
Induction Cooktop,Home Appliances,7952.43,5.0,18
Designer Handbag,Stylish Wear,8688.77,3.4,125
Vacuum Cleaner,Home Appliances,15968.76,3.7,164
Designer Handbag,Stylish Wear,23956.07,3.1,138
Notebook Set,Study Essentials,10187.31,3.6,147
Leather Jacket,Stylish Wear,1099.34,3.0,185
Refrigerator,Home Appliances,43386.85,4.8,73
Desk Organizer,Study Essentials,9878.81,4.6,155
Sportswear Set,Stylish Wear,44568.89,3.3,158
Wristwatch,Stylish Wear,33987.6,4.5,77
Desk Lamp,Study Essentials,16146.39,3.1,17
Scientific Calculator,Study Essentials,22741.45,3.8,86
Leather Jacket,Stylish Wear,30811.1,4.7,151
LED Ceiling Light,Home Essentials,7464.52,3.9,74
Induction Cooktop,Home Appliances,9526.16,3.8,159
Blender,Home Appliances,5757.4,5.0,110
Water Heater,Home Appliances,24683.52,3.8,81
Air Purifier,Home Appliances,38190.44,4.4,61
Water Heater,Home Appliances,21330.06,4.9,117
Backpack,Study Essentials,34280.64,3.3,162
Floor Lamp,Home Essentials,20263.9,4.3,135
Mechanical Keyboard,Study Essentials,2414.43,3.0,37
Electric Kettle,Home Appliances,40222.54,3.2,118
Sunglasses,Stylish Wear,44680.41,4.4,158
Blender,Home Appliances,8096.75,4.5,173
Formal Shoes,Stylish Wear,10966.13,3.9,101
Rug,Home Essentials,23049.21,3.4,25
Mattress,Home Essentials,14796.2,3.9,172
Rug,Home Essentials,40906.0,3.2,17
Bookshelf,Home Essentials,28621.95,3.9,77
Vacuum Cleaner,Home Appliances,39364.47,4.7,24
Hoodie,Stylish Wear,41724.93,3.8,149
Washing Machine,Home Appliances,33415.17,3.5,159
Whiteboard,Study Essentials,3219.72,4.5,186
Microwave Oven,Home Appliances,11928.41,3.1,179
Wristwatch,Stylish Wear,2548.01,3.0,119
Desk Lamp,Study Essentials,17838.19,4.0,33
Mattress,Home Essentials,46028.12,4.3,135
Sportswear Set,Stylish Wear,6125.81,4.4,70
Sofa Set,Home Essentials,43501.34,4.6,7
Floor Lamp,Home Essentials,32542.41,3.8,30
Whiteboard,Study Essentials,43737.11,3.1,181
Desk Organizer,Study Essentials,4033.91,3.9,165
Formal Shoes,Stylish Wear,22731.28,4.4,64
Summer Dress,Stylish Wear,34015.37,4.6,137
Desk Organizer,Study Essentials,16292.77,4.3,148
Scientific Calculator,Study Essentials,46406.59,3.9,172
Sportswear Set,Stylish Wear,49404.92,4.4,55
Laptop,Study Essentials,41467.76,3.1,108
Sneakers,Stylish Wear,33658.89,3.3,63
Desk Organizer,Study Essentials,30264.37,4.7,140
Laptop,Study Essentials,31427.54,4.4,187
Mechanical Keyboard,Study Essentials,37956.03,4.5,75
Slim-fit Jeans,Stylish Wear,638.2,3.5,23
Blender,Home Appliances,38969.3,4.3,133
Desk Lamp,Study Essentials,17916.5,4.5,20
Noise-Canceling Headphones,Study Essentials,39544.25,4.3,173
Desk Organizer,Study Essentials,622.07,3.9,131
Backpack,Study Essentials,28211.47,3.8,33
Mattress,Home Essentials,25731.59,4.8,21
Vacuum Cleaner,Home Appliances,19066.26,4.6,181
Electric Kettle,Home Appliances,42771.4,3.6,113
Rug,Home Essentials,3720.79,3.0,191
Designer Handbag,Stylish Wear,16235.81,3.5,198
Scientific Calculator,Study Essentials,15612.24,3.4,52
Formal Shoes,Stylish Wear,44545.35,4.7,75
Wristwatch,Stylish Wear,6282.08,4.1,15
Ergonomic Chair,Study Essentials,19560.0,4.0,120
Scientific Calculator,Study Essentials,26234.25,3.1,17
Air Purifier,Home Appliances,23862.13,4.3,68
Wall Clock,Home Essentials,15935.01,4.0,67
Dining Table,Home Essentials,31664.52,4.3,118
Slim-fit Jeans,Stylish Wear,33877.31,4.2,116
Hoodie,Stylish Wear,20633.64,3.4,159
Sneakers,Stylish Wear,1218.8,4.2,153
Sunglasses,Stylish Wear,3860.84,3.4,81
Induction Cooktop,Home Appliances,44442.22,3.2,112
Blender,Home Appliances,29823.81,4.1,97
Summer Dress,Stylish Wear,43888.98,4.7,136
Electric Kettle,Home Appliances,21392.99,3.6,80
Mechanical Keyboard,Study Essentials,34523.8,3.5,35
Designer Handbag,Stylish Wear,11405.54,4.6,116
Sofa Set,Home Essentials,18382.92,4.0,168
Washing Machine,Home Appliances,10940.64,4.1,62
Mechanical Keyboard,Study Essentials,34997.78,3.7,120
Vacuum Cleaner,Home Appliances,30015.17,3.8,103
Mechanical Keyboard,Study Essentials,15903.15,3.7,54
Floor Lamp,Home Essentials,21837.38,4.1,28
Sunglasses,Stylish Wear,18078.69,4.6,43
Washing Machine,Home Appliances,13499.75,3.5,169
Sportswear Set,Stylish Wear,9955.19,4.3,189
Formal Shoes,Stylish Wear,46542.09,4.2,83
Dining Table,Home Essentials,28758.26,3.7,60
Designer Handbag,Stylish Wear,32795.61,4.4,126
Microwave Oven,Home Appliances,30995.18,3.8,58
Floor Lamp,Home Essentials,22386.62,3.2,114
LED Ceiling Light,Home Essentials,1444.37,4.6,192
Mechanical Keyboard,Study Essentials,31962.8,4.7,200
Wall Clock,Home Essentials,6153.88,3.0,137
Sunglasses,Stylish Wear,12592.24,3.4,85
Designer Handbag,Stylish Wear,9163.51,3.2,182
Floor Lamp,Home Essentials,19115.88,3.0,32
Sofa Set,Home Essentials,10329.43,3.1,125
Electric Kettle,Home Appliances,6712.74,3.1,103
Scientific Calculator,Study Essentials,43029.21,3.8,65
Whiteboard,Study Essentials,43654.66,4.9,150
Sportswear Set,Stylish Wear,3587.69,4.9,73
Vacuum Cleaner,Home Appliances,34692.76,4.7,187
Formal Shoes,Stylish Wear,13188.87,3.2,187
Sunglasses,Stylish Wear,36931.8,3.7,68
Formal Shoes,Stylish Wear,40069.85,4.1,88
Induction Cooktop,Home Appliances,13599.64,3.3,176
Water Heater,Home Appliances,23004.83,4.7,132
Backpack,Study Essentials,3922.87,4.5,33
Ergonomic Chair,Study Essentials,47804.11,3.4,48
Bookshelf,Home Essentials,41011.72,3.3,139
Laptop,Study Essentials,32139.26,5.0,79
Water Heater,Home Appliances,35196.43,4.5,193
Leather Jacket,Stylish Wear,30442.92,5.0,163
Vacuum Cleaner,Home Appliances,2784.79,4.6,99
Coffee Table,Home Essentials,47404.24,3.2,36
Dining Table,Home Essentials,19597.68,3.1,26
Vacuum Cleaner,Home Appliances,34488.01,3.8,150
Water Heater,Home Appliances,1136.72,4.8,48
Designer Handbag,Stylish Wear,13878.6,3.7,192
Vacuum Cleaner,Home Appliances,1751.16,3.9,32
Slim-fit Jeans,Stylish Wear,34772.84,4.4,170
Mattress,Home Essentials,38096.21,4.4,41
Rug,Home Essentials,6690.54,4.6,154
Dishwasher,Home Appliances,36950.88,4.8,57
Wall Clock,Home Essentials,24092.94,4.9,14
Water Heater,Home Appliances,21460.85,3.7,189
Mattress,Home Essentials,33361.23,5.0,137
Refrigerator,Home Appliances,48452.47,3.9,190
Laptop,Study Essentials,7838.37,5.0,15
Bookshelf,Home Essentials,31850.44,4.3,121
Air Purifier,Home Appliances,885.24,4.2,113
Slim-fit Jeans,Stylish Wear,30542.59,4.2,142
Scientific Calculator,Study Essentials,28677.91,3.3,71
Desk Organizer,Study Essentials,18512.35,4.4,185
Mechanical Keyboard,Study Essentials,8522.34,3.4,65
Coffee Table,Home Essentials,26142.5,4.1,57
Water Heater,Home Appliances,36314.2,3.1,42
Rug,Home Essentials,13980.86,4.1,179
Sofa Set,Home Essentials,40513.16,4.4,69
Vacuum Cleaner,Home Appliances,36285.72,3.7,70
Hoodie,Stylish Wear,28702.89,3.3,20
Scientific Calculator,Study Essentials,28987.17,3.6,137
Sofa Set,Home Essentials,11090.99,4.1,39
Notebook Set,Study Essentials,45097.72,4.4,193
Designer Handbag,Stylish Wear,38663.67,4.2,22
Formal Shoes,Stylish Wear,45306.7,4.0,165
Sofa Set,Home Essentials,47049.58,4.6,42
Curtains,Home Essentials,4973.44,3.9,171
Electric Kettle,Home Appliances,36808.62,3.2,196
Backpack,Study Essentials,7256.54,3.6,140
Hoodie,Stylish Wear,40751.03,3.5,193
Desk Organizer,Study Essentials,13974.74,3.9,19
Backpack,Study Essentials,14300.29,4.4,193
Whiteboard,Study Essentials,1415.04,4.8,77
Desk Lamp,Study Essentials,2148.14,4.7,146
Noise-Canceling Headphones,Study Essentials,19126.07,4.4,83
Coffee Table,Home Essentials,45153.38,4.2,103
Sportswear Set,Stylish Wear,43691.56,3.8,37
Rug,Home Essentials,14917.31,4.4,101
Floor Lamp,Home Essentials,6725.72,3.7,188
Desk Lamp,Study Essentials,3346.47,4.9,193
Ergonomic Chair,Study Essentials,7900.36,3.6,83
Scientific Calculator,Study Essentials,22638.87,3.1,7
Designer Handbag,Stylish Wear,33685.68,3.7,80
Curtains,Home Essentials,11368.94,4.6,118
Coffee Table,Home Essentials,20733.09,3.1,130
Notebook Set,Study Essentials,6185.27,4.7,176
Scientific Calculator,Study Essentials,32515.36,3.4,90
Backpack,Study Essentials,15516.24,4.2,151
Leather Jacket,Stylish Wear,29028.67,3.5,37
Desk Lamp,Study Essentials,39316.55,4.2,75
Bookshelf,Home Essentials,36490.07,4.6,48
Sportswear Set,Stylish Wear,22272.21,3.5,30
Whiteboard,Study Essentials,30365.4,4.2,29
Leather Jacket,Stylish Wear,49124.57,3.3,161
Curtains,Home Essentials,11678.23,3.8,155
Desk Organizer,Study Essentials,27687.1,3.9,168
Designer Handbag,Stylish Wear,42611.98,3.3,105
Sofa Set,Home Essentials,20074.0,4.3,145
Desk Lamp,Study Essentials,13505.57,4.8,5
Dishwasher,Home Appliances,6606.89,3.6,98
Blender,Home Appliances,27031.15,4.9,23
Sofa Set,Home Essentials,44432.28,4.7,110
Dining Table,Home Essentials,32211.31,3.3,13
Bookshelf,Home Essentials,24235.44,4.8,49
Hoodie,Stylish Wear,33583.31,4.1,194
Electric Kettle,Home Appliances,29727.77,4.0,93
Rug,Home Essentials,43323.97,3.1,53
Desk Organizer,Study Essentials,27574.75,3.5,105
Dining Table,Home Essentials,17668.49,3.1,199
Wall Clock,Home Essentials,47049.8,4.9,120
Leather Jacket,Stylish Wear,41940.77,3.1,43
Formal Shoes,Stylish Wear,24850.32,3.4,119
Slim-fit Jeans,Stylish Wear,48107.74,3.2,45
Wall Clock,Home Essentials,44311.66,3.2,184
Desk Organizer,Study Essentials,41430.01,3.7,103
Wristwatch,Stylish Wear,8555.78,3.5,100
Desk Lamp,Study Essentials,12124.83,4.7,44
Induction Cooktop,Home Appliances,17140.69,4.3,178
Desk Lamp,Study Essentials,17755.49,3.6,159
Vacuum Cleaner,Home Appliances,38459.93,4.8,6
Coffee Table,Home Essentials,40106.17,3.9,165
Desk Organizer,Study Essentials,7158.3,5.0,150
Formal Shoes,Stylish Wear,622.85,3.8,161
Scientific Calculator,Study Essentials,6004.82,4.7,170
Ergonomic Chair,Study Essentials,3615.33,3.8,53
Ergonomic Chair,Study Essentials,17944.98,3.1,5
Scientific Calculator,Study Essentials,38772.25,3.5,11
Backpack,Study Essentials,33339.03,4.3,87
Slim-fit Jeans,Stylish Wear,47719.31,4.9,15
Summer Dress,Stylish Wear,33865.83,3.5,122
Formal Shoes,Stylish Wear,44613.22,4.9,76
Noise-Canceling Headphones,Study Essentials,26922.38,3.1,198
Summer Dress,Stylish Wear,28678.96,4.7,67
Vacuum Cleaner,Home Appliances,45666.61,4.4,65
Dining Table,Home Essentials,11998.01,4.7,153
Water Heater,Home Appliances,45928.37,3.6,168
Dining Table,Home Essentials,19756.24,3.3,130
Washing Machine,Home Appliances,30962.47,4.3,166
Wall Clock,Home Essentials,46827.97,4.1,13
Formal Shoes,Stylish Wear,44336.38,3.5,147
Designer Handbag,Stylish Wear,22749.18,5.0,130
Laptop,Study Essentials,3919.52,4.0,163
Rug,Home Essentials,48570.6,3.6,153
Mechanical Keyboard,Study Essentials,48541.82,4.9,168
Designer Handbag,Stylish Wear,18511.0,3.9,107
Coffee Table,Home Essentials,33833.59,4.7,113
Air Purifier,Home Appliances,38919.07,3.9,66
Blender,Home Appliances,5801.01,4.7,103
Whiteboard,Study Essentials,30648.34,3.5,116
Sneakers,Stylish Wear,37208.46,3.7,180
Scientific Calculator,Study Essentials,15230.75,4.9,54
Curtains,Home Essentials,42829.82,3.5,185
Ergonomic Chair,Study Essentials,9550.17,3.8,147
Water Heater,Home Appliances,32987.45,3.0,110
Electric Kettle,Home Appliances,2022.0,3.4,144
Vacuum Cleaner,Home Appliances,8232.31,4.2,153
Formal Shoes,Stylish Wear,9827.47,4.6,51
Electric Kettle,Home Appliances,6387.91,3.9,43
LED Ceiling Light,Home Essentials,27593.14,3.6,136
LED Ceiling Light,Home Essentials,24480.18,4.6,110
Wristwatch,Stylish Wear,7712.51,3.0,186
Desk Organizer,Study Essentials,45239.99,4.2,34
Sneakers,Stylish Wear,12169.26,4.0,14
Air Purifier,Home Appliances,10748.01,4.8,176
Sofa Set,Home Essentials,45101.99,4.8,92
Hoodie,Stylish Wear,39565.03,3.7,174
Floor Lamp,Home Essentials,19956.38,4.5,20
Notebook Set,Study Essentials,4244.84,4.8,122
Induction Cooktop,Home Appliances,27749.41,3.9,151
Microwave Oven,Home Appliances,14122.81,3.6,41
Backpack,Study Essentials,14968.35,4.1,158
Designer Handbag,Stylish Wear,33591.18,3.6,175
Sneakers,Stylish Wear,44852.65,3.8,52
Scientific Calculator,Study Essentials,21914.66,3.9,181
Sportswear Set,Stylish Wear,25212.14,3.3,84
Water Heater,Home Appliances,36730.54,5.0,161
Desk Lamp,Study Essentials,41781.34,3.5,98
Washing Machine,Home Appliances,12251.88,3.9,188
Notebook Set,Study Essentials,8277.58,4.7,105
Microwave Oven,Home Appliances,22443.53,4.0,180
Slim-fit Jeans,Stylish Wear,14980.25,3.4,30
Desk Organizer,Study Essentials,12124.82,3.7,39
Wristwatch,Stylish Wear,36948.11,4.8,181
Sportswear Set,Stylish Wear,37222.04,4.3,106
Summer Dress,Stylish Wear,9116.4,3.7,13
LED Ceiling Light,Home Essentials,30651.29,3.2,9
Hoodie,Stylish Wear,14456.59,4.8,101
Mechanical Keyboard,Study Essentials,4016.1,3.1,133
Dining Table,Home Essentials,11128.29,4.3,108
Summer Dress,Stylish Wear,7945.02,4.2,22
Ergonomic Chair,Study Essentials,43647.54,4.7,102
Designer Handbag,Stylish Wear,31890.36,4.9,90
Leather Jacket,Stylish Wear,40132.56,4.0,109
Desk Organizer,Study Essentials,49833.1,3.6,132
Curtains,Home Essentials,21315.08,3.9,43
Floor Lamp,Home Essentials,40212.65,4.5,10
Vacuum Cleaner,Home Appliances,45618.03,4.4,176
Washing Machine,Home Appliances,21611.79,3.7,160
Mechanical Keyboard,Study Essentials,43302.25,4.4,93
Mechanical Keyboard,Study Essentials,32629.07,3.4,185
Air Purifier,Home Appliances,23243.56,3.5,180
Water Heater,Home Appliances,1288.66,3.3,147
Mechanical Keyboard,Study Essentials,21146.65,3.9,27
Coffee Table,Home Essentials,39888.1,5.0,115
Desk Organizer,Study Essentials,28284.23,4.2,169
Whiteboard,Study Essentials,38822.91,4.4,47
Sofa Set,Home Essentials,20333.0,3.6,166
Backpack,Study Essentials,14301.5,4.3,110
Leather Jacket,Stylish Wear,39604.62,3.8,125
Sportswear Set,Stylish Wear,29529.57,4.1,48
Designer Handbag,Stylish Wear,17840.76,3.9,12
Induction Cooktop,Home Appliances,45725.72,3.9,150
LED Ceiling Light,Home Essentials,36703.41,3.4,123
Mechanical Keyboard,Study Essentials,39095.55,4.9,60
Leather Jacket,Stylish Wear,27968.05,3.4,191
Desk Lamp,Study Essentials,48295.36,3.1,199
Curtains,Home Essentials,20142.89,4.5,142
Backpack,Study Essentials,31514.18,4.5,61
Notebook Set,Study Essentials,9415.6,4.0,13
Sneakers,Stylish Wear,37781.98,4.2,177
Desk Lamp,Study Essentials,37121.91,4.4,135
Hoodie,Stylish Wear,23990.37,3.5,23
Dishwasher,Home Appliances,42020.54,3.6,131
Refrigerator,Home Appliances,49965.43,4.2,7
Whiteboard,Study Essentials,45370.6,3.1,77
Notebook Set,Study Essentials,49599.42,3.8,81
Sofa Set,Home Essentials,15677.24,3.7,51
Electric Kettle,Home Appliances,40138.11,3.2,121
Wristwatch,Stylish Wear,17208.56,3.8,57
Hoodie,Stylish Wear,28145.43,4.9,197
Desk Organizer,Study Essentials,16726.23,4.7,75
Leather Jacket,Stylish Wear,37510.18,3.1,57
Air Purifier,Home Appliances,32458.78,4.5,112
Leather Jacket,Stylish Wear,24715.74,3.6,187
Mechanical Keyboard,Study Essentials,31489.6,3.7,89
Floor Lamp,Home Essentials,15353.73,4.7,191
Formal Shoes,Stylish Wear,6043.59,3.9,57
Leather Jacket,Stylish Wear,15429.61,5.0,177
Hoodie,Stylish Wear,24995.59,4.7,64
Dishwasher,Home Appliances,40305.77,3.7,189
Mechanical Keyboard,Study Essentials,37550.04,4.7,175
Desk Lamp,Study Essentials,39683.19,4.8,182
Rug,Home Essentials,2494.13,4.7,85
Vacuum Cleaner,Home Appliances,23671.54,4.3,145
Summer Dress,Stylish Wear,21914.44,4.6,144
Floor Lamp,Home Essentials,27286.68,4.9,53
Noise-Canceling Headphones,Study Essentials,31717.4,3.8,63
Air Purifier,Home Appliances,9351.71,3.4,21
Refrigerator,Home Appliances,8649.29,3.2,50
Sofa Set,Home Essentials,35110.42,3.4,29
Curtains,Home Essentials,10086.88,4.1,21
Electric Kettle,Home Appliances,9032.51,4.9,70
Air Purifier,Home Appliances,31859.88,4.5,148
Bookshelf,Home Essentials,2140.34,3.8,147
Refrigerator,Home Appliances,15898.31,4.8,105
Formal Shoes,Stylish Wear,19642.09,3.8,96
Air Purifier,Home Appliances,44241.18,3.7,68
Washing Machine,Home Appliances,46807.38,3.0,80
Noise-Canceling Headphones,Study Essentials,39870.32,4.9,67
LED Ceiling Light,Home Essentials,6873.6,3.9,111
Desk Lamp,Study Essentials,7327.5,4.0,50
Wall Clock,Home Essentials,36889.61,3.0,22
Sneakers,Stylish Wear,27808.54,3.4,119
Floor Lamp,Home Essentials,46933.28,3.3,111
Electric Kettle,Home Appliances,22862.78,3.6,48
Floor Lamp,Home Essentials,694.56,4.0,35
Hoodie,Stylish Wear,37913.39,4.6,133
Blender,Home Appliances,29244.62,3.7,71
Microwave Oven,Home Appliances,44746.55,3.9,7
Noise-Canceling Headphones,Study Essentials,23066.41,3.6,31
Induction Cooktop,Home Appliances,29148.72,4.9,36
Sportswear Set,Stylish Wear,33990.3,3.7,65
Noise-Canceling Headphones,Study Essentials,35149.46,3.2,32
Scientific Calculator,Study Essentials,5896.88,3.1,137
Whiteboard,Study Essentials,28779.3,4.7,115
Induction Cooktop,Home Appliances,47673.44,4.4,187
Sunglasses,Stylish Wear,42684.63,3.5,98
Desk Lamp,Study Essentials,18301.98,3.4,151
Refrigerator,Home Appliances,21237.04,3.2,80
Dishwasher,Home Appliances,28251.95,4.2,99
Floor Lamp,Home Essentials,6364.38,4.5,144
Washing Machine,Home Appliances,21977.01,3.0,139
Induction Cooktop,Home Appliances,9898.54,4.5,196
Wall Clock,Home Essentials,48345.98,4.2,110
Dining Table,Home Essentials,27751.61,3.5,172
Slim-fit Jeans,Stylish Wear,46527.97,3.3,32
Water Heater,Home Appliances,24944.53,4.2,150
Electric Kettle,Home Appliances,7541.02,5.0,166
Summer Dress,Stylish Wear,44271.95,3.7,119
Washing Machine,Home Appliances,25773.45,4.8,122
Desk Lamp,Study Essentials,31566.07,3.7,19
Designer Handbag,Stylish Wear,40527.74,3.9,54
Dining Table,Home Essentials,44518.65,4.7,100
Mattress,Home Essentials,20342.48,3.1,181
Dining Table,Home Essentials,48922.36,4.4,42
Rug,Home Essentials,9003.88,4.1,5
Curtains,Home Essentials,41939.11,4.0,18
Air Purifier,Home Appliances,46579.86,3.7,52
Mattress,Home Essentials,13082.12,4.0,22
Formal Shoes,Stylish Wear,32318.66,4.2,51
Washing Machine,Home Appliances,33622.03,4.0,19
Wall Clock,Home Essentials,1370.74,3.1,55
Bookshelf,Home Essentials,13685.47,4.6,83
Air Purifier,Home Appliances,26919.42,4.1,21
Bookshelf,Home Essentials,49568.46,3.3,102
Wall Clock,Home Essentials,19504.54,4.7,199
Sneakers,Stylish Wear,30873.74,3.6,195
Microwave Oven,Home Appliances,22107.49,4.7,19
Whiteboard,Study Essentials,24515.08,4.5,40
Summer Dress,Stylish Wear,25570.32,4.4,41
Summer Dress,Stylish Wear,47636.51,4.9,193
Dining Table,Home Essentials,11595.78,3.3,151
Vacuum Cleaner,Home Appliances,44445.49,3.4,125
Sneakers,Stylish Wear,14783.11,4.8,89
Microwave Oven,Home Appliances,18871.52,4.7,181
Refrigerator,Home Appliances,46255.73,3.4,169
Coffee Table,Home Essentials,3333.03,3.2,189
Sofa Set,Home Essentials,21954.33,3.3,190
Microwave Oven,Home Appliances,49316.94,4.0,155
Coffee Table,Home Essentials,32906.92,3.5,140
Bookshelf,Home Essentials,12586.21,3.1,56
Sneakers,Stylish Wear,45343.69,3.4,131
Water Heater,Home Appliances,21049.49,4.0,5
Air Purifier,Home Appliances,46914.04,4.0,86
Ergonomic Chair,Study Essentials,45136.92,3.9,119
Noise-Canceling Headphones,Study Essentials,40335.29,3.9,90
Vacuum Cleaner,Home Appliances,6676.28,3.1,124
Leather Jacket,Stylish Wear,28298.29,4.1,62
Laptop,Study Essentials,44776.99,4.1,196
Backpack,Study Essentials,33253.91,4.9,83
Hoodie,Stylish Wear,1555.36,3.1,5
Laptop,Study Essentials,18573.95,4.9,145
Floor Lamp,Home Essentials,43503.12,3.2,167
Backpack,Study Essentials,12263.78,4.3,119
Washing Machine,Home Appliances,3323.9,3.3,164
Summer Dress,Stylish Wear,34167.36,4.9,7
Refrigerator,Home Appliances,15760.19,4.9,137
Wall Clock,Home Essentials,5499.09,3.8,157
Water Heater,Home Appliances,49955.5,3.3,192
Refrigerator,Home Appliances,34293.0,3.2,138
Wall Clock,Home Essentials,31197.41,3.4,24
Sneakers,Stylish Wear,43213.32,4.5,13
Coffee Table,Home Essentials,35070.33,3.6,174
Noise-Canceling Headphones,Study Essentials,43058.6,4.2,182
Scientific Calculator,Study Essentials,11503.54,4.2,88
Hoodie,Stylish Wear,5977.94,4.6,22
Noise-Canceling Headphones,Study Essentials,48649.92,4.3,113
Sofa Set,Home Essentials,49486.79,4.7,167
Notebook Set,Study Essentials,14342.7,4.2,72
Bookshelf,Home Essentials,28454.82,4.0,170
Desk Lamp,Study Essentials,30745.36,4.8,39
Sofa Set,Home Essentials,3141.03,3.8,37
Scientific Calculator,Study Essentials,14562.76,3.2,25
Washing Machine,Home Appliances,29800.82,3.7,195
Wall Clock,Home Essentials,2782.45,3.3,120
Washing Machine,Home Appliances,2831.89,3.2,90
Desk Organizer,Study Essentials,14428.25,3.7,141
Vacuum Cleaner,Home Appliances,1055.65,4.4,164
Scientific Calculator,Study Essentials,31633.29,4.1,175
Induction Cooktop,Home Appliances,38017.47,4.5,52
Mechanical Keyboard,Study Essentials,2123.9,3.7,104
Coffee Table,Home Essentials,7937.49,3.3,134
Designer Handbag,Stylish Wear,48921.25,3.1,146
Ergonomic Chair,Study Essentials,46225.49,4.2,64
Dining Table,Home Essentials,44086.04,4.5,95
Microwave Oven,Home Appliances,12215.62,4.4,56
Mechanical Keyboard,Study Essentials,24213.43,4.6,141
Summer Dress,Stylish Wear,40662.94,4.7,28
Scientific Calculator,Study Essentials,20568.13,3.6,91
Notebook Set,Study Essentials,10419.96,4.5,54
Refrigerator,Home Appliances,47083.12,4.3,123
Noise-Canceling Headphones,Study Essentials,48900.56,3.6,183
Ergonomic Chair,Study Essentials,2284.56,4.7,44
Laptop,Study Essentials,48284.67,3.9,103
Designer Handbag,Stylish Wear,21236.44,4.2,109
Dining Table,Home Essentials,44366.45,4.4,175
Mechanical Keyboard,Study Essentials,746.27,3.8,23
Bookshelf,Home Essentials,11012.64,3.9,89
Induction Cooktop,Home Appliances,3334.91,4.3,37
Coffee Table,Home Essentials,22575.55,3.6,164
Water Heater,Home Appliances,32204.41,3.4,132
Refrigerator,Home Appliances,34695.67,3.3,12
Induction Cooktop,Home Appliances,8174.32,4.7,65
Bookshelf,Home Essentials,20099.44,4.3,89
Refrigerator,Home Appliances,37400.76,4.8,156
Rug,Home Essentials,28600.72,3.4,190
Summer Dress,Stylish Wear,27260.46,4.5,5
Ergonomic Chair,Study Essentials,2085.61,3.6,195
Desk Organizer,Study Essentials,6178.91,4.0,120
Dining Table,Home Essentials,11591.21,4.0,17
Coffee Table,Home Essentials,21930.17,4.2,24
Scientific Calculator,Study Essentials,22182.88,4.8,13
Blender,Home Appliances,21134.75,3.2,49
Induction Cooktop,Home Appliances,40937.15,4.1,139
Ergonomic Chair,Study Essentials,31572.93,4.9,65
Whiteboard,Study Essentials,43190.12,3.3,39
Washing Machine,Home Appliances,29509.72,3.9,54
Mattress,Home Essentials,23603.49,4.2,118
Mechanical Keyboard,Study Essentials,24835.51,4.1,199
Dishwasher,Home Appliances,29832.5,3.4,51
Sneakers,Stylish Wear,47637.31,4.5,51
Summer Dress,Stylish Wear,4500.19,4.8,16
Ergonomic Chair,Study Essentials,44986.81,3.4,93
Mechanical Keyboard,Study Essentials,30893.0,4.9,100
Sofa Set,Home Essentials,31849.35,3.8,55
Ergonomic Chair,Study Essentials,2272.34,4.2,129
Wristwatch,Stylish Wear,7494.06,4.4,181
Microwave Oven,Home Appliances,5477.31,3.3,178
Curtains,Home Essentials,29842.74,4.2,155
Coffee Table,Home Essentials,8890.15,4.3,22
Leather Jacket,Stylish Wear,30380.82,3.7,66
Formal Shoes,Stylish Wear,15020.85,3.3,175
Sofa Set,Home Essentials,29644.87,4.6,85
Curtains,Home Essentials,19252.33,4.3,81
Induction Cooktop,Home Appliances,31918.5,3.7,16
Sunglasses,Stylish Wear,45549.09,3.7,181
Coffee Table,Home Essentials,20166.88,3.7,85
Sportswear Set,Stylish Wear,33354.24,4.1,135
Ergonomic Chair,Study Essentials,27327.46,3.2,181
Sportswear Set,Stylish Wear,39422.25,4.6,27
Refrigerator,Home Appliances,44062.59,3.5,93
Air Purifier,Home Appliances,45108.46,3.4,82
Noise-Canceling Headphones,Study Essentials,22009.92,3.4,82
Blender,Home Appliances,42653.82,4.9,171
Sofa Set,Home Essentials,38602.6,3.6,8
Dining Table,Home Essentials,14581.65,4.5,105
Summer Dress,Stylish Wear,35798.3,4.9,68
Noise-Canceling Headphones,Study Essentials,28543.27,3.2,166
Microwave Oven,Home Appliances,38381.98,4.5,6
Whiteboard,Study Essentials,42969.56,3.6,101
Mattress,Home Essentials,25721.65,3.9,138
Scientific Calculator,Study Essentials,1372.25,3.2,122
Wall Clock,Home Essentials,33477.28,4.5,168
Blender,Home Appliances,36671.8,3.1,35
Sunglasses,Stylish Wear,37556.27,3.6,79
LED Ceiling Light,Home Essentials,7741.45,4.8,119
Desk Lamp,Study Essentials,31264.6,5.0,26
Dining Table,Home Essentials,34065.2,4.2,30
Dining Table,Home Essentials,1138.26,4.4,145
Electric Kettle,Home Appliances,47909.8,3.2,67
Sunglasses,Stylish Wear,38007.7,4.2,87
Noise-Canceling Headphones,Study Essentials,46615.72,4.9,82
LED Ceiling Light,Home Essentials,3342.87,4.4,169
Sportswear Set,Stylish Wear,10651.82,5.0,132
Sportswear Set,Stylish Wear,2937.36,3.9,12
Sneakers,Stylish Wear,6240.94,4.2,106
Desk Organizer,Study Essentials,32817.44,4.4,70
Microwave Oven,Home Appliances,35495.07,3.0,30
Backpack,Study Essentials,47148.24,3.1,13
Scientific Calculator,Study Essentials,29330.89,3.6,97
Laptop,Study Essentials,20468.32,4.7,104
Vacuum Cleaner,Home Appliances,40009.73,4.6,31
Designer Handbag,Stylish Wear,10406.49,3.9,29
Wall Clock,Home Essentials,12574.72,3.2,103
Desk Organizer,Study Essentials,21799.11,3.5,190
Blender,Home Appliances,24504.33,3.5,161
Floor Lamp,Home Essentials,24652.28,3.8,71
Scientific Calculator,Study Essentials,46299.24,3.7,64
Washing Machine,Home Appliances,22575.66,3.4,119
Notebook Set,Study Essentials,33335.23,4.1,39
Dishwasher,Home Appliances,10798.49,4.4,42
Air Purifier,Home Appliances,20834.46,3.4,117
Slim-fit Jeans,Stylish Wear,47264.74,4.8,38
Desk Organizer,Study Essentials,23528.27,4.1,86
LED Ceiling Light,Home Essentials,19558.22,4.3,80
Floor Lamp,Home Essentials,17737.34,3.4,98
Blender,Home Appliances,32039.24,5.0,168
Scientific Calculator,Study Essentials,9620.8,4.6,173
Slim-fit Jeans,Stylish Wear,44085.43,3.2,27
Sportswear Set,Stylish Wear,27781.19,3.0,179
Slim-fit Jeans,Stylish Wear,34571.71,4.5,190
Wall Clock,Home Essentials,41951.76,4.6,66
Mechanical Keyboard,Study Essentials,42409.42,4.9,171
Induction Cooktop,Home Appliances,40406.66,4.5,12
Floor Lamp,Home Essentials,28856.05,3.6,132
Dishwasher,Home Appliances,27199.28,3.1,56
Electric Kettle,Home Appliances,26893.25,3.2,146
Wristwatch,Stylish Wear,48880.0,3.3,176
LED Ceiling Light,Home Essentials,25284.05,3.8,61
Water Heater,Home Appliances,17772.18,4.6,185
Formal Shoes,Stylish Wear,48030.85,3.5,111
Designer Handbag,Stylish Wear,14992.05,4.4,87
Desk Lamp,Study Essentials,23961.52,5.0,121
Laptop,Study Essentials,26648.8,3.2,109
Dishwasher,Home Appliances,6802.06,3.1,45
Ergonomic Chair,Study Essentials,14858.31,4.7,140
Rug,Home Essentials,49950.93,5.0,105
Electric Kettle,Home Appliances,4127.02,4.1,106
Slim-fit Jeans,Stylish Wear,24982.75,4.5,139
Rug,Home Essentials,30958.92,4.4,45
Desk Lamp,Study Essentials,11706.76,4.3,46
Noise-Canceling Headphones,Study Essentials,26724.63,4.3,179
Vacuum Cleaner,Home Appliances,17962.16,3.5,52
Floor Lamp,Home Essentials,19899.48,4.1,12
Leather Jacket,Stylish Wear,42601.83,4.1,109
Slim-fit Jeans,Stylish Wear,10167.56,4.1,34
Slim-fit Jeans,Stylish Wear,23492.79,3.7,8
Dishwasher,Home Appliances,12495.32,4.1,70
Vacuum Cleaner,Home Appliances,11646.04,4.9,122
Backpack,Study Essentials,38022.78,3.7,103
Electric Kettle,Home Appliances,3072.97,4.5,61
Refrigerator,Home Appliances,23761.85,3.9,103
Noise-Canceling Headphones,Study Essentials,28128.68,3.2,98
Sunglasses,Stylish Wear,5366.02,4.1,174
Sportswear Set,Stylish Wear,49979.68,3.5,140
Whiteboard,Study Essentials,13711.33,3.4,147
Microwave Oven,Home Appliances,17774.38,4.7,16
Mechanical Keyboard,Study Essentials,2966.27,3.9,27
Whiteboard,Study Essentials,48889.1,3.1,58
Floor Lamp,Home Essentials,32840.39,4.3,70
Sneakers,Stylish Wear,36828.82,3.2,100
Leather Jacket,Stylish Wear,26094.71,4.6,188
Desk Lamp,Study Essentials,6721.06,3.4,164
Induction Cooktop,Home Appliances,45324.26,3.8,147
Summer Dress,Stylish Wear,48279.47,3.1,127
Ergonomic Chair,Study Essentials,37357.69,4.5,118
Dishwasher,Home Appliances,38420.41,3.7,41
Desk Lamp,Study Essentials,33528.62,4.3,163
Wall Clock,Home Essentials,17409.79,4.4,83
Scientific Calculator,Study Essentials,33475.02,3.3,66
Whiteboard,Study Essentials,44267.41,3.9,37
Induction Cooktop,Home Appliances,47293.5,4.7,167
Washing Machine,Home Appliances,47163.45,4.4,54
Noise-Canceling Headphones,Study Essentials,45681.59,4.8,45
Washing Machine,Home Appliances,5954.64,4.8,143
Noise-Canceling Headphones,Study Essentials,25283.02,3.4,138
Whiteboard,Study Essentials,18505.26,3.3,42
Air Purifier,Home Appliances,49244.86,3.2,133
Rug,Home Essentials,25251.03,3.6,188
Designer Handbag,Stylish Wear,27694.93,3.3,136
Notebook Set,Study Essentials,35420.37,3.1,124
Induction Cooktop,Home Appliances,25224.85,3.0,44
Wristwatch,Stylish Wear,42668.34,4.6,99
Sunglasses,Stylish Wear,21813.47,4.8,131
Notebook Set,Study Essentials,9560.71,4.0,135
Mattress,Home Essentials,30640.4,3.6,145
Slim-fit Jeans,Stylish Wear,6256.18,4.0,95
Coffee Table,Home Essentials,48399.44,4.1,84
LED Ceiling Light,Home Essentials,42535.87,4.6,73
Backpack,Study Essentials,7219.52,4.3,118
Wristwatch,Stylish Wear,43476.52,3.1,31
Washing Machine,Home Appliances,31751.73,3.3,146
Blender,Home Appliances,12034.46,4.2,139
Mechanical Keyboard,Study Essentials,27775.34,4.0,98
Microwave Oven,Home Appliances,22620.08,4.4,57
Dishwasher,Home Appliances,48732.33,3.0,162
Rug,Home Essentials,38052.39,3.6,116
Water Heater,Home Appliances,20687.84,4.7,85
Vacuum Cleaner,Home Appliances,36158.23,3.8,172
Desk Organizer,Study Essentials,39384.94,3.1,43
Mattress,Home Essentials,45591.74,3.3,5
Ergonomic Chair,Study Essentials,45999.87,4.6,30
Mattress,Home Essentials,30383.6,4.0,17
Ergonomic Chair,Study Essentials,36772.36,4.9,49
Vacuum Cleaner,Home Appliances,19674.85,3.6,40
Dining Table,Home Essentials,42058.48,4.4,166
Hoodie,Stylish Wear,19469.18,4.1,96
Mattress,Home Essentials,24911.52,4.5,105
Refrigerator,Home Appliances,5081.17,3.6,103
Hoodie,Stylish Wear,28331.05,3.2,50
Hoodie,Stylish Wear,45852.79,3.4,122
Microwave Oven,Home Appliances,22870.26,3.5,117
Washing Machine,Home Appliances,13633.06,3.5,175
Sportswear Set,Stylish Wear,17697.18,4.5,41
Refrigerator,Home Appliances,34636.35,4.8,150
Desk Organizer,Study Essentials,10826.2,4.8,98
Hoodie,Stylish Wear,4404.47,3.5,53
Electric Kettle,Home Appliances,26177.38,4.4,78
Vacuum Cleaner,Home Appliances,11525.28,3.9,81
Sportswear Set,Stylish Wear,12758.5,3.0,28
Designer Handbag,Stylish Wear,41988.38,4.9,147
Mattress,Home Essentials,32783.12,4.2,155
Sunglasses,Stylish Wear,28124.65,4.4,144
Designer Handbag,Stylish Wear,19080.85,3.3,5
Sneakers,Stylish Wear,36227.09,4.6,80
Wristwatch,Stylish Wear,4596.1,4.5,198
Vacuum Cleaner,Home Appliances,3130.67,4.0,49
Dining Table,Home Essentials,42447.51,4.9,161
Formal Shoes,Stylish Wear,46155.55,4.0,43
Sunglasses,Stylish Wear,17841.5,3.3,75
Scientific Calculator,Study Essentials,20080.92,4.4,99
Microwave Oven,Home Appliances,6482.93,3.2,115
Refrigerator,Home Appliances,13807.71,4.8,128
Designer Handbag,Stylish Wear,35326.56,4.1,8
Refrigerator,Home Appliances,42913.99,3.1,113
Bookshelf,Home Essentials,37613.47,3.1,143
Rug,Home Essentials,39280.38,4.6,18
Ergonomic Chair,Study Essentials,27038.64,3.1,128
Sneakers,Stylish Wear,31954.44,4.4,83
Wall Clock,Home Essentials,35430.06,3.7,39
Dishwasher,Home Appliances,26190.17,3.7,159
Dining Table,Home Essentials,28708.94,3.1,122
Laptop,Study Essentials,19624.51,3.9,55
Curtains,Home Essentials,25218.54,3.9,79
Ergonomic Chair,Study Essentials,27687.63,3.3,31
Refrigerator,Home Appliances,47564.41,4.4,157
Dishwasher,Home Appliances,40419.79,4.6,116
Refrigerator,Home Appliances,44091.9,4.4,181
Wall Clock,Home Essentials,40973.44,4.4,140
Floor Lamp,Home Essentials,46851.05,4.8,92
Water Heater,Home Appliances,8209.68,3.5,123
Formal Shoes,Stylish Wear,5365.27,3.7,68
Blender,Home Appliances,2133.05,3.3,19
Summer Dress,Stylish Wear,13971.27,4.2,199
Desk Organizer,Study Essentials,19055.37,3.3,12
LED Ceiling Light,Home Essentials,11494.41,3.6,158
Whiteboard,Study Essentials,20740.83,3.3,83
Desk Lamp,Study Essentials,18051.0,3.7,164
Sofa Set,Home Essentials,21841.3,3.1,47
Leather Jacket,Stylish Wear,21166.46,4.5,76
Sportswear Set,Stylish Wear,2181.25,3.4,158
Water Heater,Home Appliances,4832.15,3.1,61
Noise-Canceling Headphones,Study Essentials,2894.59,4.2,37
Dining Table,Home Essentials,7334.6,3.8,180
LED Ceiling Light,Home Essentials,43192.34,3.7,146
Leather Jacket,Stylish Wear,10557.22,3.3,175
LED Ceiling Light,Home Essentials,7240.4,4.4,148
Designer Handbag,Stylish Wear,43705.4,3.9,179
Floor Lamp,Home Essentials,37487.4,4.1,99
Designer Handbag,Stylish Wear,17829.79,3.1,150
Induction Cooktop,Home Appliances,4161.7,3.9,32
Blender,Home Appliances,13923.1,4.5,183
Induction Cooktop,Home Appliances,25927.27,3.1,97
Notebook Set,Study Essentials,21488.18,4.7,84
Leather Jacket,Stylish Wear,7514.27,4.3,32
Dishwasher,Home Appliances,38995.93,4.0,152
Rug,Home Essentials,21280.83,3.9,57
Sportswear Set,Stylish Wear,43792.56,3.5,178
Blender,Home Appliances,36437.27,4.2,79
Wristwatch,Stylish Wear,31717.6,4.8,124
Designer Handbag,Stylish Wear,27652.54,3.5,155
Mechanical Keyboard,Study Essentials,31241.9,3.6,31
Curtains,Home Essentials,43080.96,3.4,84
Mattress,Home Essentials,8494.86,4.8,38
Wristwatch,Stylish Wear,35084.74,3.1,186
Vacuum Cleaner,Home Appliances,34998.95,4.7,124
Formal Shoes,Stylish Wear,22058.45,3.5,176
Desk Organizer,Study Essentials,41207.08,3.5,179
Formal Shoes,Stylish Wear,42563.84,4.9,7
Leather Jacket,Stylish Wear,33219.87,3.7,153
Whiteboard,Study Essentials,16352.65,5.0,135
Whiteboard,Study Essentials,46089.8,3.4,6
Desk Organizer,Study Essentials,11614.5,4.6,168
Mattress,Home Essentials,3798.33,4.1,15
Washing Machine,Home Appliances,1748.57,4.4,114
Mattress,Home Essentials,18531.57,3.2,139
Sunglasses,Stylish Wear,11535.56,3.5,55
Microwave Oven,Home Appliances,27656.25,4.4,31
Slim-fit Jeans,Stylish Wear,41274.82,4.4,144
Desk Lamp,Study Essentials,26674.77,4.4,182
Curtains,Home Essentials,33524.55,4.4,191
Sofa Set,Home Essentials,2569.71,3.1,62
Leather Jacket,Stylish Wear,34593.11,4.8,55
Designer Handbag,Stylish Wear,34874.58,3.7,53
Formal Shoes,Stylish Wear,4656.2,3.8,163
Bookshelf,Home Essentials,12119.37,4.2,195
Ergonomic Chair,Study Essentials,21598.04,4.5,33
Formal Shoes,Stylish Wear,17512.2,4.3,76
Sunglasses,Stylish Wear,15525.47,4.8,115
Summer Dress,Stylish Wear,12595.95,4.7,88
Sportswear Set,Stylish Wear,17745.72,4.0,73
Mattress,Home Essentials,12059.12,3.7,115
Mattress,Home Essentials,41818.04,3.8,65
Wristwatch,Stylish Wear,46195.17,4.0,164
Sunglasses,Stylish Wear,5162.36,3.1,135
Induction Cooktop,Home Appliances,12857.52,3.7,21
Noise-Canceling Headphones,Study Essentials,37190.0,3.5,151
Air Purifier,Home Appliances,37669.19,4.3,141
Floor Lamp,Home Essentials,35123.67,4.5,51
Electric Kettle,Home Appliances,24939.35,4.7,173
Dishwasher,Home Appliances,29787.49,3.5,55
Electric Kettle,Home Appliances,26679.45,5.0,24
Air Purifier,Home Appliances,18229.97,4.9,20
Designer Handbag,Stylish Wear,26546.82,3.4,58
LED Ceiling Light,Home Essentials,22834.28,3.0,111
Hoodie,Stylish Wear,39816.58,4.1,40
Notebook Set,Study Essentials,21244.8,4.4,136
Sportswear Set,Stylish Wear,2958.93,4.6,118
Dishwasher,Home Appliances,39793.63,3.0,109
Refrigerator,Home Appliances,22261.61,3.6,126
Ergonomic Chair,Study Essentials,4096.17,4.5,29
Floor Lamp,Home Essentials,10200.75,3.5,15
LED Ceiling Light,Home Essentials,36983.54,4.2,180
Backpack,Study Essentials,14286.73,3.0,48
Laptop,Study Essentials,28361.01,4.1,47
Coffee Table,Home Essentials,6131.56,3.6,194
Sportswear Set,Stylish Wear,4308.55,4.9,51
Washing Machine,Home Appliances,22817.46,4.6,101
Whiteboard,Study Essentials,34576.48,4.6,115
Rug,Home Essentials,16291.12,4.4,80
Air Purifier,Home Appliances,44603.06,3.4,113
Sneakers,Stylish Wear,49469.47,4.6,92
Blender,Home Appliances,36331.18,3.8,123
Refrigerator,Home Appliances,42997.63,3.2,118
Notebook Set,Study Essentials,19707.27,3.7,11
Blender,Home Appliances,13284.78,4.0,94
Sofa Set,Home Essentials,45947.5,3.6,192
Curtains,Home Essentials,44333.39,3.6,163
Electric Kettle,Home Appliances,34462.89,3.3,55
Wall Clock,Home Essentials,11530.48,4.8,68
Sofa Set,Home Essentials,38629.9,3.9,40
Rug,Home Essentials,21269.51,3.4,160
Mechanical Keyboard,Study Essentials,25706.69,4.9,199
Refrigerator,Home Appliances,34417.16,3.7,165
Backpack,Study Essentials,44958.06,3.3,7
Notebook Set,Study Essentials,41630.5,3.6,139
Coffee Table,Home Essentials,18712.22,3.1,38
Sunglasses,Stylish Wear,40068.84,3.7,36
Desk Lamp,Study Essentials,32476.39,4.9,98
Floor Lamp,Home Essentials,20667.05,3.3,97
Formal Shoes,Stylish Wear,26094.55,3.7,173
Induction Cooktop,Home Appliances,19224.81,4.2,71
LED Ceiling Light,Home Essentials,7514.37,4.3,140
Vacuum Cleaner,Home Appliances,29452.22,3.9,43
Laptop,Study Essentials,48552.96,4.3,148
Curtains,Home Essentials,44572.76,4.6,57
Laptop,Study Essentials,21806.79,4.5,138
Hoodie,Stylish Wear,18203.6,3.8,179
Backpack,Study Essentials,35024.8,4.7,83
LED Ceiling Light,Home Essentials,24112.62,4.0,48
Desk Organizer,Study Essentials,7408.03,3.7,19
Electric Kettle,Home Appliances,19126.13,4.2,68
Ergonomic Chair,Study Essentials,44516.43,4.2,56
Sportswear Set,Stylish Wear,15887.83,4.9,25
Whiteboard,Study Essentials,19339.62,3.6,118
Floor Lamp,Home Essentials,13549.14,3.5,133
Formal Shoes,Stylish Wear,12562.75,3.3,181
Sneakers,Stylish Wear,2755.95,3.9,71
Microwave Oven,Home Appliances,21540.67,4.7,93
Dishwasher,Home Appliances,24995.72,3.7,33
Noise-Canceling Headphones,Study Essentials,46416.12,3.4,145
Dining Table,Home Essentials,8059.62,3.4,179
Refrigerator,Home Appliances,37711.85,3.6,53
Dining Table,Home Essentials,41153.81,3.6,53
Floor Lamp,Home Essentials,31017.73,4.5,88
Designer Handbag,Stylish Wear,23445.3,4.7,43
Slim-fit Jeans,Stylish Wear,36082.6,4.2,40
Coffee Table,Home Essentials,22466.45,4.1,132
Hoodie,Stylish Wear,5905.94,3.2,36
Washing Machine,Home Appliances,20103.97,4.7,183
Notebook Set,Study Essentials,25555.66,4.9,19
Dishwasher,Home Appliances,17604.16,4.8,45
Bookshelf,Home Essentials,6894.71,4.8,44
Ergonomic Chair,Study Essentials,48028.84,4.6,74
Summer Dress,Stylish Wear,20652.5,4.5,116
Slim-fit Jeans,Stylish Wear,7787.88,3.3,89
Bookshelf,Home Essentials,39540.62,3.5,198
Mechanical Keyboard,Study Essentials,37725.84,4.9,52
Bookshelf,Home Essentials,24428.26,4.3,132
Wristwatch,Stylish Wear,29299.69,3.8,99
Dining Table,Home Essentials,34225.78,4.7,33
Backpack,Study Essentials,38288.01,3.1,94
Curtains,Home Essentials,18837.87,3.4,44
Wall Clock,Home Essentials,33112.98,3.5,28
Desk Organizer,Study Essentials,42950.69,3.6,86
Blender,Home Appliances,16854.86,4.1,22
Designer Handbag,Stylish Wear,21080.78,4.9,156
Scientific Calculator,Study Essentials,15605.82,4.1,195
Designer Handbag,Stylish Wear,38837.68,3.4,89
Formal Shoes,Stylish Wear,37222.19,4.2,84
Slim-fit Jeans,Stylish Wear,17112.04,3.2,70
Notebook Set,Study Essentials,1514.9,4.4,57
Sneakers,Stylish Wear,19766.8,4.2,141
Leather Jacket,Stylish Wear,6660.62,3.1,69
Rug,Home Essentials,12526.8,3.1,112
Sportswear Set,Stylish Wear,9117.1,4.4,63
Mechanical Keyboard,Study Essentials,36060.08,4.2,27
Rug,Home Essentials,22880.32,4.3,45
Sportswear Set,Stylish Wear,49599.12,3.5,171
Notebook Set,Study Essentials,42923.9,4.3,101
Dining Table,Home Essentials,48143.28,3.1,188
Floor Lamp,Home Essentials,31519.32,5.0,10
Whiteboard,Study Essentials,15789.12,3.5,39
Mechanical Keyboard,Study Essentials,20642.02,5.0,167
Vacuum Cleaner,Home Appliances,29413.9,4.2,31
Vacuum Cleaner,Home Appliances,24348.6,4.3,138
Backpack,Study Essentials,1761.2,3.8,82
Mattress,Home Essentials,8295.28,3.3,197
LED Ceiling Light,Home Essentials,12912.68,3.7,177
Wall Clock,Home Essentials,35794.07,4.3,101
Coffee Table,Home Essentials,19752.95,3.5,108
Refrigerator,Home Appliances,15433.19,3.8,94
Formal Shoes,Stylish Wear,38094.23,4.3,118
Mechanical Keyboard,Study Essentials,23067.97,4.5,170
Sneakers,Stylish Wear,22807.32,3.7,149
Scientific Calculator,Study Essentials,42757.97,3.0,55
Water Heater,Home Appliances,17767.96,4.4,99
Mattress,Home Essentials,24113.34,3.2,164
Electric Kettle,Home Appliances,20421.61,3.5,135
Desk Lamp,Study Essentials,6726.35,3.1,51
Notebook Set,Study Essentials,39642.01,4.8,116
Formal Shoes,Stylish Wear,29283.29,5.0,83
Air Purifier,Home Appliances,44938.64,4.9,188
Dishwasher,Home Appliances,42519.28,3.3,66
LED Ceiling Light,Home Essentials,25641.58,4.3,96
Desk Lamp,Study Essentials,47524.51,3.2,124
Sofa Set,Home Essentials,45993.15,3.7,125
Noise-Canceling Headphones,Study Essentials,34234.55,3.7,59
Desk Organizer,Study Essentials,33857.16,4.1,49
Sofa Set,Home Essentials,21606.28,4.4,147
Ergonomic Chair,Study Essentials,35191.91,3.5,130
Noise-Canceling Headphones,Study Essentials,47099.28,3.4,168
Electric Kettle,Home Appliances,23142.44,4.6,22
Bookshelf,Home Essentials,26811.51,4.6,121
Sportswear Set,Stylish Wear,18115.21,3.9,101
Dining Table,Home Essentials,35482.15,4.3,54
Summer Dress,Stylish Wear,11962.38,4.7,36
Blender,Home Appliances,32451.19,3.4,200
Designer Handbag,Stylish Wear,12077.84,3.9,18
Rug,Home Essentials,43167.5,4.5,192
Mattress,Home Essentials,1432.73,4.6,165
Hoodie,Stylish Wear,49093.75,4.3,87
Ergonomic Chair,Study Essentials,43750.31,3.9,92
Formal Shoes,Stylish Wear,19475.84,3.8,47
Curtains,Home Essentials,45517.03,3.6,15
Desk Organizer,Study Essentials,13962.57,3.4,190
Microwave Oven,Home Appliances,42333.6,4.3,92
Induction Cooktop,Home Appliances,32903.37,3.6,194
Dishwasher,Home Appliances,14732.26,4.6,148
Whiteboard,Study Essentials,47598.1,4.8,114
Desk Organizer,Study Essentials,39350.96,3.4,50
Vacuum Cleaner,Home Appliances,6995.53,5.0,52
Hoodie,Stylish Wear,5811.67,3.2,148
Ergonomic Chair,Study Essentials,32593.04,4.2,55
Leather Jacket,Stylish Wear,5488.9,3.1,33
Refrigerator,Home Appliances,24367.92,4.1,195
Hoodie,Stylish Wear,31680.39,4.9,36
Water Heater,Home Appliances,33011.15,3.9,82
Washing Machine,Home Appliances,42672.37,4.7,190
Whiteboard,Study Essentials,36798.77,3.4,163
Sofa Set,Home Essentials,41929.81,3.5,6
Notebook Set,Study Essentials,24507.79,4.7,106
Noise-Canceling Headphones,Study Essentials,48640.04,4.3,153
Washing Machine,Home Appliances,2620.68,3.0,84
Refrigerator,Home Appliances,46454.16,3.4,127
Mattress,Home Essentials,5964.76,3.9,112
Formal Shoes,Stylish Wear,44969.2,4.4,93
Noise-Canceling Headphones,Study Essentials,13543.89,4.3,193
Backpack,Study Essentials,17862.52,3.1,182
Blender,Home Appliances,28710.06,4.8,52
Induction Cooktop,Home Appliances,19095.51,4.9,139
Bookshelf,Home Essentials,6642.02,3.3,24
Vacuum Cleaner,Home Appliances,33270.9,4.1,163
Laptop,Study Essentials,14874.17,3.1,102
Water Heater,Home Appliances,34196.51,3.0,112
Floor Lamp,Home Essentials,3140.39,4.1,156
Summer Dress,Stylish Wear,11929.14,4.4,170
Induction Cooktop,Home Appliances,23295.71,4.1,122
Scientific Calculator,Study Essentials,30684.2,5.0,78
Leather Jacket,Stylish Wear,45083.47,4.1,32
Induction Cooktop,Home Appliances,5771.65,4.9,98
Wristwatch,Stylish Wear,9997.3,3.7,18
LED Ceiling Light,Home Essentials,26983.61,3.4,123
Laptop,Study Essentials,34848.54,3.2,165
Hoodie,Stylish Wear,15595.56,3.5,190
Noise-Canceling Headphones,Study Essentials,42772.93,4.8,34
Notebook Set,Study Essentials,30238.61,4.9,80
Curtains,Home Essentials,30893.5,5.0,178
Dining Table,Home Essentials,4087.92,4.0,186
Rug,Home Essentials,14729.9,4.9,73
Slim-fit Jeans,Stylish Wear,34474.9,4.5,82
Formal Shoes,Stylish Wear,20227.88,3.8,160
Desk Organizer,Study Essentials,47887.03,4.0,111
Rug,Home Essentials,24691.43,3.6,199
Washing Machine,Home Appliances,44130.25,3.6,134
Leather Jacket,Stylish Wear,6266.1,3.1,23
Dining Table,Home Essentials,35919.08,3.2,139
Induction Cooktop,Home Appliances,28336.07,3.7,169
Coffee Table,Home Essentials,49689.73,4.6,164
Backpack,Study Essentials,8556.97,3.9,176
Curtains,Home Essentials,8474.97,3.2,136
Summer Dress,Stylish Wear,26428.62,3.9,48
Rug,Home Essentials,23738.66,3.4,177
Slim-fit Jeans,Stylish Wear,46526.9,3.7,199
Dining Table,Home Essentials,37511.44,4.1,58
Bookshelf,Home Essentials,49262.21,4.0,199
Summer Dress,Stylish Wear,44025.08,3.4,133
Wristwatch,Stylish Wear,3917.93,3.3,131
Desk Lamp,Study Essentials,2102.11,3.7,31
Hoodie,Stylish Wear,25203.47,4.5,114
Coffee Table,Home Essentials,34769.72,4.3,122
Sportswear Set,Stylish Wear,30734.1,4.5,7
Rug,Home Essentials,1386.92,3.8,82
Noise-Canceling Headphones,Study Essentials,36025.09,4.4,172
Formal Shoes,Stylish Wear,3502.39,4.5,196
Slim-fit Jeans,Stylish Wear,20640.94,3.1,166
Rug,Home Essentials,39095.25,4.2,124
Washing Machine,Home Appliances,8639.66,4.8,84
Sunglasses,Stylish Wear,32799.4,4.1,143
Coffee Table,Home Essentials,32846.91,3.3,154
Water Heater,Home Appliances,47788.38,3.5,88
Sofa Set,Home Essentials,42787.73,3.2,73
Dishwasher,Home Appliances,11153.4,4.6,39
Hoodie,Stylish Wear,36079.9,4.1,90
Hoodie,Stylish Wear,11367.96,3.3,5
Ergonomic Chair,Study Essentials,15630.64,3.3,43
Rug,Home Essentials,45862.34,3.5,27
Summer Dress,Stylish Wear,48563.04,4.5,84
Formal Shoes,Stylish Wear,34567.62,4.0,164
Wall Clock,Home Essentials,3934.44,4.1,162
Blender,Home Appliances,32467.0,3.5,95
Sofa Set,Home Essentials,39659.12,4.5,167
Desk Lamp,Study Essentials,32416.29,4.5,14
Hoodie,Stylish Wear,16835.56,4.2,95
Mechanical Keyboard,Study Essentials,14805.9,4.0,53
Summer Dress,Stylish Wear,33761.58,4.3,195
Electric Kettle,Home Appliances,32535.1,4.4,42
Curtains,Home Essentials,26079.25,4.6,82
Scientific Calculator,Study Essentials,3147.79,4.0,123
LED Ceiling Light,Home Essentials,16990.85,3.7,68
Mattress,Home Essentials,22173.85,3.9,69
Dining Table,Home Essentials,14639.75,3.3,14
Desk Organizer,Study Essentials,31277.49,3.2,53
Wristwatch,Stylish Wear,16170.07,3.7,94
Summer Dress,Stylish Wear,30242.53,3.6,77
Sunglasses,Stylish Wear,25674.55,4.5,176
Sofa Set,Home Essentials,7644.18,3.5,98
Blender,Home Appliances,16208.33,4.7,114
Sneakers,Stylish Wear,28078.28,3.9,116
Sunglasses,Stylish Wear,27562.55,3.3,184
Backpack,Study Essentials,41871.36,4.6,158
Coffee Table,Home Essentials,44552.3,3.5,86
Formal Shoes,Stylish Wear,8826.32,3.6,140
Notebook Set,Study Essentials,17355.78,3.3,10
Bookshelf,Home Essentials,17577.28,4.2,119
Microwave Oven,Home Appliances,3268.31,3.1,20
Wall Clock,Home Essentials,3740.39,3.3,151
Bookshelf,Home Essentials,13534.8,3.9,23
Coffee Table,Home Essentials,43154.21,3.2,70
LED Ceiling Light,Home Essentials,49825.71,4.2,175
Washing Machine,Home Appliances,24987.0,4.6,124
Sunglasses,Stylish Wear,9412.16,5.0,146
Noise-Canceling Headphones,Study Essentials,13832.38,4.2,151
Bookshelf,Home Essentials,33870.75,3.8,53
Noise-Canceling Headphones,Study Essentials,18899.01,3.6,42
Sneakers,Stylish Wear,15858.19,4.8,130
Refrigerator,Home Appliances,41394.68,5.0,142
Mattress,Home Essentials,31662.81,4.4,55
LED Ceiling Light,Home Essentials,12642.6,3.3,173
Rug,Home Essentials,3728.84,3.4,154
Dining Table,Home Essentials,47219.96,4.0,88
Blender,Home Appliances,37556.27,5.0,120
Coffee Table,Home Essentials,45860.75,3.1,65
Mattress,Home Essentials,27327.53,4.5,147
Curtains,Home Essentials,33906.44,4.7,175
Blender,Home Appliances,44021.15,3.2,33
Microwave Oven,Home Appliances,47083.77,4.6,7
Scientific Calculator,Study Essentials,29125.41,4.8,151
Washing Machine,Home Appliances,40836.99,4.7,53
Formal Shoes,Stylish Wear,25806.12,3.4,23
Summer Dress,Stylish Wear,28016.75,3.1,21
Ergonomic Chair,Study Essentials,27531.49,4.0,91
Dishwasher,Home Appliances,9186.01,3.3,187
Formal Shoes,Stylish Wear,7967.89,4.8,111
Washing Machine,Home Appliances,35938.42,3.1,44
Formal Shoes,Stylish Wear,28622.11,4.1,27
Sportswear Set,Stylish Wear,23314.97,4.3,22
Induction Cooktop,Home Appliances,31043.12,4.8,114
Electric Kettle,Home Appliances,30484.2,4.4,136
Slim-fit Jeans,Stylish Wear,7728.77,3.6,49
Desk Lamp,Study Essentials,40531.16,4.8,188
Sofa Set,Home Essentials,31343.69,3.1,164
Slim-fit Jeans,Stylish Wear,737.23,3.5,73
Notebook Set,Study Essentials,9846.77,3.1,86
Desk Organizer,Study Essentials,40624.26,3.8,82
Desk Organizer,Study Essentials,34685.44,3.1,43
Curtains,Home Essentials,41842.39,4.2,46
Coffee Table,Home Essentials,44871.83,4.0,143
Floor Lamp,Home Essentials,39181.47,4.3,88
Dishwasher,Home Appliances,33935.15,3.2,37
Sofa Set,Home Essentials,36349.57,4.6,76
Hoodie,Stylish Wear,11454.42,4.4,108
Desk Lamp,Study Essentials,35383.31,4.5,36
Sunglasses,Stylish Wear,21618.48,4.7,49
Formal Shoes,Stylish Wear,26420.24,3.6,20
Electric Kettle,Home Appliances,17681.05,3.7,7
Bookshelf,Home Essentials,10457.23,3.3,14
Ergonomic Chair,Study Essentials,49718.54,4.1,29
LED Ceiling Light,Home Essentials,46675.53,3.6,76
Scientific Calculator,Study Essentials,42239.55,3.6,144
Electric Kettle,Home Appliances,37619.95,4.9,160
Bookshelf,Home Essentials,24989.6,4.3,30
Air Purifier,Home Appliances,1061.5,5.0,183
Coffee Table,Home Essentials,20394.86,3.8,24
Vacuum Cleaner,Home Appliances,26394.35,3.8,197
Floor Lamp,Home Essentials,24548.01,4.3,184
Water Heater,Home Appliances,29395.53,4.2,189
Sneakers,Stylish Wear,23984.08,4.2,50
Air Purifier,Home Appliances,49779.59,4.1,80
Water Heater,Home Appliances,4353.73,4.9,92
Notebook Set,Study Essentials,30889.77,3.4,166
Wall Clock,Home Essentials,29307.11,4.8,32
Formal Shoes,Stylish Wear,7129.18,4.0,57
Backpack,Study Essentials,47299.91,4.8,167
Washing Machine,Home Appliances,7089.65,4.6,34
